,id,brand,name,city,gu,address,gasoline,diesel,self,car_wash,charging_station,car_maintenance,convenience_store,24_hour,lat,lng
0,1,SK에너지,(주)보성 세곡주유소,서울,강남구,서울 강남구  헌릉로 731 (세곡동),1632,1553,0,1,0,0,0,0,37.46715650000000,127.11870810000000
1,2,현대오일뱅크,HD현대오일뱅크㈜직영 산성셀프주유소,서울,강남구,서울 강남구 헌릉로 730,1639,1569,0,1,0,0,0,0,37.46656750000000,127.11908030000000
2,3,GS칼텍스,방죽주유소,서울,강남구,서울 강남구 밤고개로 215 (율현동),1667,1599,0,1,0,0,0,0,37.47499260000000,127.10688660000000
3,4,SK에너지,자곡셀프주유소,서울,강남구,서울 강남구 밤고개로 120 (자곡동),1685,1599,0,1,0,0,0,0,37.48340020000000,127.10404580000000
4,5,SK에너지,(주)중앙에너비스 수서지점,서울,강남구,서울 강남구 광평로 202 (수서동),1687,1627,0,1,0,0,0,0,37.48410530000000,127.09504010000000
5,6,현대오일뱅크,삼성동주유소,서울,강남구,서울 강남구 테헤란로 619 (삼성동),1689,1625,0,1,0,0,0,0,37.50985760000000,127.06511010000000
6,7,현대오일뱅크,HD현대오일뱅크㈜직영 도곡셀프주유소,서울,강남구,서울 강남구  남부순환로 2718 (도곡2동),1689,1614,0,1,0,1,0,0,37.48546230000000,127.04321810000000
7,8,현대오일뱅크,HD현대오일뱅크㈜직영 유진주유소,서울,강남구,서울 강남구 논현로 152 (도곡동),1699,1629,1,1,0,1,0,0,37.48743160000000,127.03999760000000
8,9,SK에너지,오일프러스 셀프,서울,강남구,서울 강남구 남부순환로 2651 (도곡동),1699,1624,0,1,0,1,0,1,37.48583900000000,127.03967210000000
9,10,S-OIL,극동유화㈜ 개나리주유소,서울,강남구,서울 강남구 언주로 423 (역삼동),1705,1625,0,1,0,1,0,1,37.50007760000000,127.03854190000000
10,11,SK에너지,SK서광주유소,서울,강남구,서울 강남구 역삼로 142,1705,1625,0,1,0,1,0,1,37.49434240000000,127.03509150000000
11,12,GS칼텍스,지에스칼텍스㈜에너지플러스허브GS타워,서울,강남구,서울 강남구 논현로 516 (역삼동),1749,1734,0,0,0,1,0,1,37.50270829999999,127.03639560000000
12,13,S-OIL,(주)선진도곡주유소,서울,강남구,서울 강남구 도곡로 162 (도곡동),1755,1665,1,1,0,1,0,0,37.48782540000000,127.04668760000000
13,14,SK에너지,SK에너지㈜ 진달래주유소,서울,강남구,서울 강남구 도곡로 208,1755,1665,1,1,0,0,0,0,37.49229500000000,127.04185980000000
14,15,SK에너지,대동석유 압구정주유소,서울,강남구,서울 강남구 언주로 842 (신사동),1777,1737,0,1,0,0,0,1,37.52534310000000,127.03382420000000
15,16,SK에너지,대교셀프주유소,서울,강남구,서울 강남구 강남대로 640 (신사동),1785,1775,0,0,0,0,0,1,37.52812920000000,127.03555370000000
16,17,SK에너지,(유)동하석유 힐탑셀프주유소,서울,강남구,서울 강남구 논현로 640,1797,1757,0,1,0,0,0,1,37.51068870000000,127.03256890000000
17,18,GS칼텍스,지에스칼텍스㈜ 삼성로주유소,서울,강남구,서울 강남구 삼성로 563 (삼성동),1909,1894,0,1,0,0,0,1,37.51397499999999,127.05612740000000
18,19,GS칼텍스,대양산업(주) 개포주유소,서울,강남구,서울 강남구 양재대로 339,1918,1858,0,1,0,0,0,0,37.47224090000000,127.05151340000000
19,20,GS칼텍스,지에스칼텍스㈜ 은마주유소,서울,강남구,서울 강남구 영동대로 235,1929,1909,1,1,0,1,0,1,37.50007210000000,127.06728480000000
20,21,현대오일뱅크,HD현대오일뱅크㈜직영 신사현대주유소,서울,강남구,서울 강남구 도산대로 163 (신사동),1948,1894,1,1,0,0,0,0,37.51952050000000,127.02631710000000
21,22,GS칼텍스,대성석유(주)동호주유소,서울,강남구,서울 강남구 봉은사로113길 51,1999,1892,1,1,0,0,0,0,37.51848600000000,127.06466550000000
22,23,GS칼텍스,지에스칼텍스(주)학여울주유소,서울,강남구,서울 강남구 남부순환로 3170 (일원2동),2055,1995,1,1,0,0,0,0,37.49467620000000,127.07783050000000
23,24,현대오일뱅크,HD현대오일뱅크㈜직영 한양주유소,서울,강남구,서울 강남구 압구정로 302 (신사동),2083,2026,1,1,0,0,0,0,37.52886810000000,127.03410460000000
24,25,GS칼텍스,(주)소모 쎈트럴주유소,서울,강남구,서울 강남구 삼성로 335,2177,2117,1,1,0,0,0,0,37.50142090000000,127.05914080000000
25,26,S-OIL,명품주유소,서울,강남구,서울 강남구 도곡로 249 (역삼동),2178,2087,0,1,0,0,0,1,37.49427040000000,127.04550930000000
26,27,SK에너지,대청주유소,서울,강남구,서울 강남구 개포로 654 (일원동),2236,2126,1,1,0,0,0,0,37.49247370000001,127.08567900000000
27,28,현대오일뱅크,㈜새서울석유 새서울주유소,서울,강남구,서울 강남구 압구정로 154,2288,2158,1,1,0,0,0,1,37.52583500000000,127.02654220000000
28,29,SK에너지,SK논현주유소,서울,강남구,서울 강남구 논현로 747 (논현동),2395,2295,1,1,0,1,0,1,37.51863680000000,127.02823800000000
29,30,현대오일뱅크,(주)제이제이네트웍스 제이제이주유소,서울,강남구,서울 강남구 언주로 716,2490,2380,1,1,0,0,0,1,37.51764720000000,127.03573490000000
30,31,GS칼텍스,(주)만정에너지 삼보주유소,서울,강남구,서울 강남구 봉은사로 433 (삼성동),2598,2560,1,1,0,0,0,0,37.51152070000000,127.04717160000000
31,32,현대오일뱅크,재건에너지 재정제2주유소 고속셀프지점,서울,강동구,서울특별시 강동구  천호대로 1246 (둔촌제2동),1619,1569,0,1,0,0,0,0,37.53651330000000,127.14935880000000
32,33,SK에너지,방아다리주유소,서울,강동구,서울 강동구 동남로 811 (명일동),1665,1575,0,1,0,0,0,0,37.54904450000000,127.15082290000000
33,34,GS칼텍스,대성석유(주)길동주유소,서울,강동구,서울 강동구 천호대로 1168,1696,1628,1,1,0,0,0,0,37.53342290000000,127.14117250000000
34,35,GS칼텍스,(주)소모 신월주유소,서울,강동구,서울 강동구 양재대로 1323 (성내동),1716,1638,0,1,0,0,0,0,37.53049330000000,127.12899200000000
35,36,SK에너지,sk해뜨는주유소,서울,강동구,서울 강동구  상일로 132 (강일동),1739,1649,0,1,0,1,0,0,37.55450850000000,127.17241540000000
36,37,GS칼텍스,(주)삼표에너지 고덕주유소,서울,강동구,서울 강동구 고덕로 39 (암사동),1749,1669,0,1,0,0,1,0,37.55504900000000,127.12979290000000
37,38,S-OIL,(주)퍼스트오일 코알라주유소,서울,강동구,서울특별시 강동구  올림픽로 556 (성내동),1750,1650,0,1,0,0,0,0,37.52938080000000,127.12244080000000
38,39,GS칼텍스,지에스칼텍스㈜ 동서울주유소,서울,강동구,서울 강동구 천호대로 1456 (상일동),1756,1699,0,1,0,0,0,0,37.55110280000000,127.16964010000000
39,40,GS칼텍스,(주)소모 성내주유소,서울,강동구,서울 강동구 올림픽로 578 (성내동),1768,1668,0,1,0,1,0,0,37.53137820000000,127.12732860000000
40,41,SK에너지,주)지유에너지직영 오렌지주유소,서울,강동구,서울 강동구 성안로 102 (성내동),1785,1685,1,1,0,1,0,0,37.53231400000000,127.13317810000000
41,42,현대오일뱅크,천호현대주유소,서울,강동구,서울 강동구 천중로 67 (천호동),1899,1799,1,1,0,1,0,0,37.54513310000000,127.12947300000000
42,43,S-OIL,광성주유소,서울,강동구,서울 강동구 올림픽로 673 (천호동),2028,1948,1,1,0,1,0,1,37.54161170000000,127.12417310000000
43,44,GS칼텍스,수유동주유소,서울,강북구,서울 강북구 도봉로 395 (수유동),1575,1504,0,1,0,0,0,1,37.64215560000000,127.02958620000000
44,45,SK에너지,SK에너지(주) 매일주유소,서울,강북구,서울 강북구 삼양로 217 (미아동),1579,1515,0,1,0,0,1,0,37.62279770000000,127.01913560000000
45,46,SK에너지,북서울고속주유소,서울,강북구,서울 강북구 삼양로 410 (수유동),1585,1515,0,0,0,0,0,1,37.64014480000000,127.01720500000000
46,47,GS칼텍스,㈜지에스이앤알 미아주유소,서울,강북구,서울 강북구 도봉로 122 (미아동),1585,1515,0,1,0,0,0,0,37.61999640000000,127.02903040000000
47,48,S-OIL,덕릉로주유소,서울,강북구,서울 강북구 덕릉로 158 (번동),1595,1525,0,1,0,0,0,0,37.63497560000000,127.03131820000000
48,49,S-OIL,씨앤에스유통㈜ 미아셀프주유소,서울,강북구,서울 강북구 도봉로 200 (미아동),1595,1525,0,1,0,0,0,0,37.62652920000000,127.02650020000000
49,50,SK에너지,에덴주유소,서울,강북구,서울 강북구 월계로 195 (번동),1599,1535,0,1,0,1,0,0,37.62169580000000,127.04553440000000
50,51,현대오일뱅크,HD현대오일뱅크㈜직영 번동셀프주유소,서울,강북구,서울 강북구 한천로 963 (번동),1607,1537,0,1,0,1,0,1,37.63558720000000,127.03304930000000
51,52,GS칼텍스,대성석유(주)신광주유소,서울,강북구,서울 강북구 삼양로 484,1619,1559,1,1,0,1,0,0,37.64640880000000,127.01532850000000
52,53,SK에너지,세원주유소,서울,강북구,서울 강북구 한천로 918 (번동),1628,1548,0,1,0,0,0,0,37.63425960000000,127.03773200000000
53,54,알뜰주유소,목화주유소,서울,강서구,서울 강서구 국회대로 251 (화곡동),1547,1492,0,1,0,0,0,0,37.53004030000000,126.86298250000000
54,55,현대오일뱅크,이케이에너지(주) 강서주유소,서울,강서구,서울 강서구 화곡로 273 (화곡동),1547,1492,0,1,0,1,0,0,37.54916300000000,126.84699640000000
55,56,알뜰주유소,화곡역주유소,서울,강서구,서울 강서구 강서로 154 (화곡동),1547,1492,0,0,0,0,0,1,37.54071860000000,126.84153030000000
56,57,GS칼텍스,지에스칼텍스㈜ 경인고속주유소,서울,강서구,서울 강서구 국회대로 225 (화곡동),1557,1544,0,1,1,1,0,1,37.52962090000000,126.85979700000000
57,58,SK에너지,강서오곡셀프주유소,서울,강서구,서울 강서구 벌말로 254 (오곡동),1563,1493,0,1,0,0,0,1,37.55396220000000,126.76842750000000
58,59,S-OIL,스카이주유소,서울,강서구,서울 강서구 개화동로 457 (방화동),1570,1510,0,1,0,0,1,1,37.57148580000000,126.80438060000000
59,60,현대오일뱅크,행촌에너지 공항주유소,서울,강서구,서울 강서구 개화동로 420 (개화동),1570,1510,0,1,0,1,1,1,37.57461100000000,126.80230290000000
60,61,SK에너지,KH에너지(주)직영 KH외발산주유소,서울,강서구,서울 강서구 방화대로 30,1570,1510,0,1,1,1,1,0,37.54342080000000,126.81686300000000
61,62,SK에너지,개화주유소,서울,강서구,서울 강서구 양천로 57,1617,1557,0,1,0,0,0,0,37.57350140000000,126.81009430000000
62,63,현대오일뱅크,현대오일뱅크 등촌주유소,서울,강서구,서울 강서구 등촌로 189 (등촌동),1636,1586,1,1,0,0,0,0,37.54680800000000,126.86255450000000
63,64,S-OIL,신화곡주유소,서울,강서구,서울 강서구 국회대로 71,1645,1565,0,1,0,0,0,0,37.52725790000000,126.84288960000000
64,65,GS칼텍스,강서열린주유소,서울,강서구,서울 강서구 등촌로 213 (등촌동),1648,1598,1,1,0,0,0,0,37.54871199999999,126.86306280000000
65,66,S-OIL,하이웨이주유소,서울,강서구,서울특별시 강서구 공항대로 432(화곡동),1649,1599,0,1,0,0,1,1,37.55466770000000,126.85480530000000
66,67,현대오일뱅크,HD현대오일뱅크㈜직영 양화교셀프주유소,서울,강서구,서울 강서구 공항대로 653,1659,1609,0,1,0,0,0,0,37.54733680000000,126.87747640000000
67,68,SK에너지,화곡현대주유소,서울,강서구,서울 강서구 강서로 151 (화곡동),1659,1609,0,1,0,0,0,1,37.54026140000000,126.84119830000000
68,69,GS칼텍스,대성석유(주) 관문주유소,서울,강서구,서울 강서구 공항대로 314,1668,1628,1,1,0,1,0,0,37.55772320000000,126.84252430000000
69,70,현대오일뱅크,HD현대오일뱅크㈜직영 가양주유소,서울,강서구,서울 강서구  양천로 391 (가양동),1669,1639,1,1,0,0,0,0,37.56788020000000,126.85107870000000
70,71,GS칼텍스,대성석유(주)방화대성주유소,서울,강서구,서울 강서구 양천로 176,1676,1638,0,1,0,0,1,0,37.57288150000000,126.82348210000000
71,72,S-OIL,(주)한진 김포공항주유소,서울,강서구,서울 강서구 하늘길 259,1690,1610,0,1,0,0,0,0,37.55077630000000,126.81555490000000
72,73,SK에너지,SK KH에너지 가양주유소,서울,강서구,서울 강서구 강서로 498 (가양동),1698,1648,1,1,0,1,1,1,37.56978230000000,126.84190220000000
73,74,GS칼텍스,대성주유소,서울,강서구,서울 강서구 강서로 472,1698,1648,1,1,0,1,0,0,37.56750280000000,126.84141860000000
74,75,SK에너지,세원제1주유소,서울,강서구,서울 강서구 양천로 311 (가양동),1715,1655,0,1,0,1,0,0,37.56788020000000,126.85107870000000
75,76,GS칼텍스,박물관주유소,서울,강서구,서울 강서구 양천로53길 97 (가양동),1738,1678,1,1,0,1,1,0,37.56578490000000,126.84512160000000
76,77,SK에너지,코리나(주)청룡주유소,서울,강서구,서울 강서구 양천로 576,1748,1678,1,1,0,0,0,0,37.55673250000000,126.86276500000000
77,78,S-OIL,참솔에너지,서울,강서구,서울 강서구 벌말로 281 (오곡동),1876,1776,0,1,0,0,0,0,37.55625190000000,126.76844910000000
78,79,SK에너지,염창동주유소,서울,강서구,서울 강서구 양천로 720 (염창동),2018,1924,1,1,0,0,0,0,37.54911130000000,126.87579060000000
79,80,알뜰주유소,(주)연우에너지 신관주유소,서울,관악구,서울 관악구 신림로 290 (신림동),1614,1514,0,1,0,0,0,0,37.48041300000000,126.93066650000000
80,81,현대오일뱅크,HD현대오일뱅크㈜직영 문성골주유소,서울,관악구,서울 관악구 문성로 97 (신림동),1634,1569,1,1,0,0,0,0,37.47779410000000,126.91430220000000
81,82,SK에너지,대양석유(주)직영 보라매주유소,서울,관악구,서울 관악구  보라매로 26 (봉천동),1641,1541,0,1,0,0,0,0,37.49168740000000,126.92716030000000
82,83,SK에너지,(주)한유에너지행운셀프주유소,서울,관악구,서울 관악구 남부순환로 1883 (봉천동),1645,1565,0,1,0,0,0,0,37.47910830000000,126.95916970000000
83,84,GS칼텍스,서일석유(주)락성주유소,서울,관악구,서울 관악구 남부순환로 1920 (봉천동),1655,1575,0,1,0,1,0,1,37.47717919999999,126.96238830000000
84,85,SK에너지,SK에너지(주)직영 대공원주유소,서울,관악구,서울 관악구 과천대로 921 (남현동),1655,1575,1,1,0,1,1,0,37.47285560000000,126.98215150000000
85,86,SK에너지,SK에너지(주) 신봉천,서울,관악구,서울 관악구 남부순환로 1880 (봉천동),1655,1575,1,1,0,0,1,0,37.47875720000000,126.95834320000000
86,87,S-OIL,유림주유소,서울,관악구,서울 관악구 신림로 176 (신림동),1678,1588,1,1,0,1,0,1,37.47372470000000,126.93488000000000
87,88,S-OIL,관악시몬주유소,서울,관악구,서울특별시 관악구 남부순환로 1753 (봉천동),1754,1695,1,1,0,0,0,0,37.48235850000000,126.94510100000000
88,89,GS칼텍스,CJ대한통운㈜ 신림주유소,서울,관악구,서울 관악구 남부순환로 1515 (신림동),1788,1718,1,1,0,0,0,0,37.48294960000000,126.91895530000000
89,90,현대오일뱅크,태양주유소,서울,광진구,서울 광진구 동일로 345 (중곡동),1594,1524,1,0,0,0,0,1,37.56354400000001,127.08883040000000
90,91,SK에너지,(주)장수주유소,서울,광진구,서울 광진구 동일로 266 (군자동),1598,1544,0,0,0,1,0,1,37.55497210000000,127.07151970000000
91,92,현대오일뱅크,HD현대오일뱅크㈜직영 능동주유소,서울,광진구,서울 광진구 천호대로 584 (능동),1599,1525,0,1,0,1,0,1,37.55555510000000,127.08245500000000
92,93,현대오일뱅크,(주)창원CW,서울,광진구,서울 광진구 광나루로 460 (화양동),1599,1525,0,1,0,0,0,0,37.54510420000000,127.08049690000000
93,94,현대오일뱅크,HD현대오일뱅크㈜직영 중곡현대주유소,서울,광진구,서울 광진구 동일로 435 (중곡동),1613,1539,0,1,0,0,0,0,37.56094119999999,127.09574580000000
94,95,현대오일뱅크,HD현대오일뱅크㈜직영 중원셀프주유소,서울,광진구,서울 광진구 동일로 398 (중곡동),1613,1539,0,1,0,0,0,0,37.56354400000001,127.08883040000000
95,96,현대오일뱅크,HD현대오일뱅크㈜직영 장호셀프주유소,서울,광진구,서울 광진구 자양로 37 (자양동),1613,1545,0,1,0,1,0,0,37.53127830000000,127.08583250000000
96,97,S-OIL,정해네트웍스(주)일진주유소,서울,광진구,서울 광진구 동일로 413 (중곡동),1617,1537,0,1,0,0,0,1,37.56354400000001,127.08883040000000
97,98,SK에너지,유니스에너지 자양주유소,서울,광진구,서울 광진구 아차산로 298 (자양동),1698,1638,1,1,0,0,0,1,37.53169200000000,127.07451600000000
98,99,S-OIL,삼호주유소,서울,광진구,서울 광진구 천호대로 809 (광장동),1737,1657,0,1,0,0,0,1,37.54563560000000,127.10373410000000
99,100,SK에너지,강평주유소 ㈜강평텔레콤,서울,광진구,서울 광진구 아차산로 616,1798,1697,1,1,0,0,0,0,37.54761190000000,127.10720510000000
100,101,SK에너지,서서울고속주유소,서울,구로구,서울 구로구 경인로 150 (오류동),1555,1495,0,1,0,0,0,1,37.49167509999999,126.84284180000000
101,102,S-OIL,씨앤에스유통(주) 구로드림주유소,서울,구로구,서울 구로구 경인로 41 (온수동),1555,1495,0,1,0,0,0,0,37.49032450000000,126.82560210000000
102,103,현대오일뱅크,㈜자연에너지 고척주유소,서울,구로구,서울 구로구 고척로 199 (고척동),1555,1495,0,1,0,0,0,0,37.50512730000000,126.85544060000000
103,104,GS칼텍스,(주)한미석유구로그린주유소,서울,구로구,서울 구로구 구로중앙로 76 (구로동),1565,1495,0,1,0,1,0,0,37.49630640000000,126.88844440000000
104,105,SK에너지,구인주유소,서울,구로구,서울 구로구 경인로 558 (구로동),1565,1495,1,1,0,1,1,0,37.50427790000000,126.88609440000000
105,106,현대오일뱅크,신성주유소,서울,구로구,서울 구로구 구로동로 187 (구로제2동),1565,1495,0,1,0,0,0,0,37.49515880000000,126.88238860000000
106,107,SK에너지,SK구로주유소,서울,구로구,서울 구로구 구일로 94 (구로동),1565,1495,1,1,0,0,0,0,37.49360180000000,126.87218900000000
107,108,GS칼텍스,대성산업(주)디큐브주유소,서울,구로구,서울 구로구 경인로 650 (신도림동),1575,1495,1,0,0,0,0,1,37.50788550000000,126.88708740000000
108,109,S-OIL,극동유화(주) 항동주유소,서울,구로구,서울 구로구 서해안로 2154 (항동),1579,1519,0,1,0,0,0,0,37.48343910000000,126.82782790000000
109,110,SK에너지,SK에너지(주)직영 개봉동주유소,서울,구로구,서울 구로구 경인로 290 (개봉동),1627,1564,1,1,0,0,0,0,37.48638990000000,126.85676750000000
110,111,현대오일뱅크,개봉주유소,서울,구로구,서울 구로구 고척로 115 (개봉동),1637,1537,0,1,0,0,0,0,37.50193720000001,126.84681750000000
111,112,현대오일뱅크,HD현대오일뱅크㈜직영 구로셀프주유소,서울,구로구,서울 구로구 시흥대로 531,1649,1579,0,1,0,1,0,1,37.48100270000000,126.89926620000000
112,113,현대오일뱅크,HD현대오일뱅크㈜직영 신구로주유소,서울,구로구,서울 구로구 가마산로 293 (구로동),1669,1598,1,1,0,0,0,0,37.49752230000000,126.89248410000000
113,114,현대오일뱅크,대원셀프주유소,서울,구로구,서울 구로구 개봉로 7,1698,1598,0,1,0,0,0,0,37.48616430000000,126.85615850000000
114,115,현대오일뱅크,JHC에너지,서울,구로구,서울 구로구 시흥대로 539,1863,1783,1,0,0,1,0,0,37.48152660000000,126.89983750000000
115,116,S-OIL,동아주유소,서울,구로구,서울 구로구 도림로 91 (구로동),1898,1698,1,0,0,0,1,0,37.49085090000000,126.89318780000000
116,117,S-OIL,구광주유소,서울,금천구,서울 금천구 서부샛길 674 (가산동),1565,1495,1,1,0,0,0,0,37.48203730000000,126.87517110000000
117,118,SK에너지,(주)화동유업 화동주유소,서울,금천구,서울 금천구 시흥대로 484,1594,1499,0,1,0,0,0,0,37.47679740000000,126.89915960000000
118,119,GS칼텍스,대득에너지(금천셀프주유소),서울,금천구,서울 금천구  시흥대로 81 (시흥동),1635,1535,0,1,0,0,1,1,37.44128050000000,126.90292460000000
119,120,S-OIL,백산주유소,서울,금천구,서울특별시 금천구  시흥대로 174 (시흥동),1635,1535,0,1,0,1,0,0,37.44968560000000,126.90294960000000
120,121,SK에너지,SK에너지(주) 이가주유소,서울,금천구,서울 금천구 시흥대로 441,1638,1539,1,1,0,1,0,0,37.47302890000000,126.89793410000000
121,122,현대오일뱅크,HD현대오일뱅크㈜직영 금천현대셀프주유소,서울,금천구,서울 금천구 독산로 147 (시흥동),1639,1549,0,1,0,0,0,0,37.46050600000000,126.90451620000000
122,123,현대오일뱅크,현대오일뱅크㈜직영 금천제일주유소,서울,금천구,서울 금천구 남부순환로 1410 (독산동),1654,1584,1,1,0,0,0,0,37.48020770000000,126.90748050000000
123,124,GS칼텍스,지에스칼텍스(주)일신주유소,서울,금천구,서울 금천구 시흥대로 118,1665,1575,0,1,0,0,0,0,37.44447390000000,126.90426570000000
124,125,GS칼텍스,이엠석유(주)배꽃나라주유소,서울,노원구,서울 노원구 화랑로 466 (공릉1동),1595,1525,0,1,0,1,0,0,37.62381370000000,127.07350970000000
125,126,GS칼텍스,월계주유소,서울,노원구,서울 노원구 월계로 252 (월계동),1595,1525,0,1,0,1,0,0,37.62477840000000,127.05076590000000
126,127,S-OIL,태릉솔밭주유소,서울,노원구,서울 노원구 노원로 49 (공릉동),1595,1525,0,1,0,0,0,1,37.62596520000000,127.08558970000000
127,128,현대오일뱅크,화랑대주유소,서울,노원구,서울 노원구 화랑로 483,1605,1535,0,1,0,0,0,0,37.61957719999999,127.08063050000000
128,129,현대오일뱅크,(주)정건에너지직영,서울,노원구,서울 노원구 노원로17길 29 (하계동),1605,1535,0,1,0,0,0,0,37.64218800000000,127.07039430000000
129,130,SK에너지,삼육주유소,서울,노원구,서울 노원구 화랑로 822 (공릉동),1615,1545,0,1,0,0,0,0,37.63863790000000,127.10905970000000
130,131,S-OIL,남선석유(주)구도일주유소 불암,서울,노원구,서울 노원구 한글비석로 268 (중계동),1625,1555,0,1,0,0,0,0,37.65135130000000,127.07724010000000
131,132,SK에너지,SK에너지㈜직영 상계주유소,서울,노원구,서울 노원구 노해로 527 (상계동),1629,1559,1,1,0,0,0,0,37.65593910000000,127.06640630000000
132,133,S-OIL,한신주유소,서울,노원구,서울 노원구 동일로 1089 (공릉동),1630,1575,0,1,0,0,0,0,37.63047220000000,127.09099040000000
133,134,현대오일뱅크,상계동주유소,서울,노원구,서울 노원구 노원로26길 191 (상계동),1645,1575,1,0,0,1,0,0,37.65839380000000,127.07113750000000
134,135,GS칼텍스,성북역주유소,서울,노원구,서울 노원구 광운로 95 (월계동),1665,1595,1,1,0,0,0,0,37.62577100000000,127.05993650000000
135,136,S-OIL,신성주유소,서울,노원구,서울 노원구 월계로 328 (월계동),1688,1618,0,1,0,0,0,1,37.62877860000000,127.05733510000000
136,137,GS칼텍스,하계삼호주유소,서울,노원구,서울 노원구 공릉로 294 (하계동),1798,1690,1,0,0,1,0,0,37.63361710000000,127.07228550000000
137,138,현대오일뱅크,이케이에너지 주식회사,서울,도봉구,서울 도봉구 도봉로 941 (도봉동),1565,1495,0,1,0,0,0,0,37.68843050000000,127.04533740000000
138,139,S-OIL,한이에너지(주) 쌍문주유소,서울,도봉구,서울 도봉구 도봉로 547 (쌍문동),1575,1504,0,1,0,1,0,1,37.65335570000000,127.02710030000000
139,140,현대오일뱅크,(주)자연에너지 햇살주유소,서울,도봉구,서울 도봉구 방학로 142 (방학동),1575,1504,0,1,0,0,0,0,37.66300150000000,127.03633250000000
140,141,SK에너지,삼미북부셀프주유소,서울,도봉구,서울 도봉구 도봉로 437 (쌍문동),1575,1504,0,1,0,0,0,1,37.64982930000000,127.02001970000000
141,142,S-OIL,(주)헨지스에너지 구도일주유소 도봉,서울,도봉구,서울 도봉구 도봉로 706 (방학동),1575,1504,0,1,0,1,0,0,37.66686869999999,127.04353030000000
142,143,S-OIL,극동유화(주) 대안주유소,서울,도봉구,서울 도봉구 마들로 574 (창동),1579,1519,0,1,0,1,0,0,37.66151550000000,127.04752470000000
143,144,현대오일뱅크,(주)쌍문셀프주유소,서울,도봉구,서울 도봉구 노해로 161 (쌍문동),1585,1505,0,1,0,1,0,0,37.64902400000000,127.02688000000000
144,145,SK에너지,동일석유(주) 창동주유소,서울,도봉구,서울 도봉구  도봉로 434 (창동),1585,1525,0,1,0,1,0,0,37.64460740000000,127.03274860000000
145,146,GS칼텍스,지에스칼텍스㈜ 방학동주유소,서울,도봉구,서울 도봉구 방학로 186,1595,1524,0,1,0,0,0,0,37.66241080000000,127.03147580000000
146,147,GS칼텍스,지에스칼텍스㈜ 도봉주유소,서울,도봉구,서울 도봉구 도봉로 895 (도봉동),1595,1524,0,1,1,1,0,1,37.68439150000000,127.04565690000000
147,148,GS칼텍스,대성산업(주)신창주유소,서울,도봉구,서울 도봉구 덕릉로 267 (창동),1605,1525,0,1,0,1,0,1,37.64133540000000,127.04023600000000
148,149,현대오일뱅크,노원교주유소,서울,도봉구,서울 도봉구 마들로 776 (도봉동),1623,1543,0,1,0,0,0,0,37.67898300000000,127.04972240000000
149,150,S-OIL,오복주유소,서울,도봉구,서울 도봉구 방학로 43,1665,1630,0,1,0,0,0,1,37.66234100000000,127.04745420000000
150,151,현대오일뱅크,HD현대오일뱅크㈜직영 영신주유소,서울,도봉구,서울 도봉구 방학로 151,1677,1627,1,1,0,0,0,0,37.66237960000000,127.03544810000000
151,152,SK에너지,풍한주유소,서울,동대문구,서울 동대문구 안암로 168,1575,1515,1,1,0,0,0,1,37.58925310000000,127.03601220000000
152,153,SK에너지,동서울고속주유소,서울,동대문구,서울 동대문구 한천로 414,1577,1507,0,0,0,0,0,1,37.59754190000000,127.06803310000000
153,154,현대오일뱅크,재정주유소,서울,동대문구,서울 동대문구 전농로 121 (전농동),1595,1549,0,1,0,0,0,0,37.57570380000000,127.05743940000000
154,155,GS칼텍스,대성산업(주)동마장주유소,서울,동대문구,서울 동대문구 고산자로 405 (용두동),1595,1515,0,1,0,1,0,1,37.57569160000000,127.03775030000000
155,156,GS칼텍스,대성산업㈜청량리주유소,서울,동대문구,서울 동대문구 왕산로 289 (청량리동),1595,1515,0,1,1,0,0,1,37.58141770000000,127.04507240000000
156,157,현대오일뱅크,재정제2주유소,서울,동대문구,서울 동대문구 사가정로 90 (전농동),1595,1549,0,1,0,0,0,0,37.57586980000000,127.05564930000000
157,158,GS칼텍스,(주)파랑에너지,서울,동대문구,서울 동대문구 망우로 126,1599,1529,0,1,0,0,0,0,37.59123120000000,127.06705400000000
158,159,S-OIL,(주)경동주유소,서울,동대문구,서울 동대문구 이문로 191 (이문동),1605,1535,0,1,0,0,0,0,37.60359600000000,127.06178550000000
159,160,S-OIL,홍능주유소,서울,동대문구,서울 동대문구 홍릉로 87 (청량리동),1617,1577,1,1,0,0,0,0,37.58793800000000,127.04266120000000
160,161,SK에너지,삼영주유소,서울,동대문구,서울 동대문구 답십리로 258 (장안동),1627,1547,1,1,0,0,0,0,37.57230640000000,127.06882240000000
161,162,SK에너지,삼미상사(주)장안킹셀프주유소,서울,동대문구,서울 동대문구  한천로 100 (장안동),1635,1577,0,1,0,0,0,0,37.57903520000000,127.06964520000000
162,163,SK에너지,(주)안국에너지 삼원셀프주유소,서울,동대문구,서울 동대문구 망우로 90 (휘경동),1638,1578,0,1,0,0,0,0,37.59018270000000,127.06326630000000
163,164,현대오일뱅크,HD현대오일뱅크㈜직영 스피드주유소,서울,동대문구,서울 동대문구 천호대로 453 (장안동),1659,1619,1,1,0,0,0,1,37.56320590000000,127.06963160000000
164,165,현대오일뱅크,배봉로주유소,서울,동대문구,서울 동대문구 서울시립대로 108,1695,1595,0,1,0,0,0,0,37.58001510000000,127.05104960000000
165,166,현대오일뱅크,창원이엔지주유소,서울,동작구,서울 동작구 사당로 59 (상도동),1649,1579,0,1,0,0,0,0,37.49486740000000,126.96133870000000
166,167,S-OIL,매일주유소,서울,동작구,서울 동작구 상도로 139 (상도동),1659,1639,0,1,0,0,0,0,37.50273480000000,126.93508380000000
167,168,현대오일뱅크,HD현대오일뱅크㈜직영 사당셀프주유소,서울,동작구,서울 동작구 동작대로 73 (사당동),1669,1624,0,1,0,0,0,1,37.48310820000000,126.98153970000000
168,169,현대오일뱅크,HD현대오일뱅크㈜직영 신대방셀프주유소,서울,동작구,서울 동작구 시흥대로 616 (신대방동),1669,1594,0,1,0,1,0,1,37.48712039999999,126.90564440000000
169,170,GS칼텍스,지에스칼텍스㈜직영 남성주유소,서울,동작구,서울 동작구 동작대로 135 (사당동),1679,1649,0,0,0,0,0,1,37.48868150000000,126.98196610000000
170,171,현대오일뱅크,HD현대오일뱅크㈜직영 흑석동셀프주유소,서울,동작구,서울 동작구 현충로 101 (흑석동),1679,1649,0,1,0,0,0,1,37.50801320000000,126.96526930000000
171,172,현대오일뱅크,HD현대오일뱅크㈜직영 동작주유소,서울,동작구,서울 동작구 상도로 403 (상도동),1699,1649,1,1,0,0,0,0,37.49347390000000,126.95652210000000
172,173,현대오일뱅크,성산대교셀프주유소,서울,마포구,서울 마포구 성산로 144,1612,1572,0,1,0,1,0,0,37.56429850000000,126.90934740000000
173,174,현대오일뱅크,청원주유소,서울,마포구,서울 마포구 월드컵북로 113 (성산동),1612,1572,0,1,0,0,0,0,37.56280180000000,126.91508320000000
174,175,SK에너지,(주)안국에너지 망원동주유소,서울,마포구,서울 마포구 월드컵로 119 (망원동),1678,1618,1,1,0,0,0,0,37.55878200000000,126.90725260000000
175,176,S-OIL,에쓰오일(주)마포주유소,서울,마포구,서울 마포구 마포대로 186 (공덕동),1679,1629,0,1,0,0,0,0,37.55063050000000,126.95565110000000
176,177,S-OIL,에쓰오일(주) 염리동주유소,서울,마포구,서울 마포구 백범로 126 (염리동),1699,1649,0,1,0,0,0,0,37.54628630000000,126.94481370000000
177,178,현대오일뱅크,에스에스오토셀프,서울,마포구,서울 마포구 서강로 76 (창전동),1719,1669,0,1,0,0,0,1,37.54983370000000,126.93257240000000
178,179,SK에너지,(주)만성상사 대흥주유소,서울,마포구,서울 마포구 대흥로 61 (대흥동),1719,1669,1,1,0,0,0,1,37.54595480000000,126.93989910000000
179,180,SK에너지,SK에너지 양지주유소,서울,마포구,서울 마포구 마포대로 69 (도화동),1729,1679,1,0,0,0,1,1,37.53770020000000,126.94640300000000
180,181,SK에너지,SK에너지(주) 안국주유소,서울,마포구,서울 마포구 양화로 33,1729,1674,1,0,0,0,0,1,37.54930640000000,126.91262170000000
181,182,S-OIL,(주)미래아스팔트 신우주유소,서울,서대문구,서울 서대문구 가좌로 106(홍은동),1612,1572,0,1,0,1,0,0,37.58226560000000,126.92660010000000
182,183,S-OIL,(주)한화미 구도일주유소 두꺼비,서울,서대문구,서울 서대문구 성산로 312,1612,1572,0,1,0,1,0,0,37.56604510000000,126.92490550000000
183,184,현대오일뱅크,(주)가재울뉴타운주유소,서울,서대문구,서울 서대문구 모래내로 205,1612,1572,0,0,0,0,1,1,37.57326730000000,126.92243180000000
184,185,GS칼텍스,지에스칼텍스(주)홍제동주유소,서울,서대문구,서울 서대문구 통일로 372,1634,1589,0,1,0,0,0,0,37.58354950000000,126.95013180000000
185,186,SK에너지,중앙에너비스 동교지점,서울,서대문구,서울 서대문구 연희로 12 (창천동),1635,1595,0,0,0,0,1,0,37.55870150000000,126.93421390000000
186,187,SK에너지,삼미상사(주)서부주유소,서울,서대문구,서울 서대문구 성산로 255,1635,1595,0,1,0,1,1,0,37.56758950000000,126.91884730000000
187,188,SK에너지,행촌제2주유소,서울,서대문구,서울 서대문구 성산로 490 (대신동),1635,1595,0,1,0,0,1,1,37.56421990000000,126.94430960000000
188,189,현대오일뱅크,HD현대오일뱅크㈜직영 연세주유소,서울,서대문구,서울 서대문구 연희로 184,1635,1599,0,1,0,0,0,0,37.57346110000000,126.93591900000000
189,190,SK에너지,연희주유소,서울,서대문구,서울 서대문구 연희로 129 (연희동 89-7번지),1638,1598,1,1,0,0,1,0,37.56928600000000,126.93253130000000
190,191,SK에너지,광호주유소,서울,서대문구,서울 서대문구 연희로 266 (홍은동),1638,1598,1,1,0,0,0,0,37.58068540000000,126.93646340000000
191,192,S-OIL,㈜우남에너지 문화사랑주유소,서울,서대문구,서울 서대문구 세검정로 87 (홍제동),1639,1619,0,1,0,0,0,0,37.59551500000000,126.94855110000000
192,193,SK에너지,(주)안국에너지 삼보셀프주유소,서울,서대문구,서울 서대문구 연희로 78 (연희동),1639,1598,0,1,0,1,0,0,37.56500070000000,126.92993050000000
193,194,현대오일뱅크,HD현대오일뱅크㈜직영 독립문주유소,서울,서대문구,서울 서대문구 통일로 384 (홍제동),1649,1629,1,1,0,0,1,0,37.59317619999999,126.94673130000000
194,195,알뜰주유소,만남의광장주유소,서울,서초구,서울 서초구 양재대로12길 73-71,1558,1499,0,0,1,0,1,1,37.46008370000000,127.04216860000000
195,196,S-OIL,양재최고주유소,서울,서초구,서울 서초구 매헌로 72 (양재동),1645,1595,1,1,0,0,0,0,37.46715770000000,127.03471500000000
196,197,SK에너지,(주)대농석유 남태령주유소,서울,서초구,서울 서초구 과천대로 838 (방배동),1655,1575,0,1,0,0,0,0,37.46689580000000,126.98783190000000
197,198,S-OIL,서초하이웨이 주유소,서울,서초구,서울 서초구 양재대로2길 100-30,1657,1597,0,1,0,0,0,1,37.45729520000000,127.01621410000000
198,199,S-OIL,극동유화(주) 전당앞주유소,서울,서초구,서울 서초구 남부순환로 2391 (서초동),1665,1585,0,1,1,1,0,0,37.48055430000000,127.01182090000000
199,200,SK에너지,태봉셀프주유소,서울,서초구,서울 서초구 태봉로 117 (우면동),1669,1623,0,1,0,1,0,0,37.46827570000000,127.02817700000000
200,201,SK에너지,신반포주유소,서울,서초구,서울 서초구 사평대로 94 (반포동),1669,1623,0,1,0,0,0,1,37.49839500000000,126.99480730000000
201,202,현대오일뱅크,HD현대오일뱅크㈜직영 팔레스주유소,서울,서초구,서울 서초구 사평대로 136 (반포동),1670,1624,1,0,0,0,0,1,37.50013939999999,126.99918330000000
202,203,현대오일뱅크,HD현대오일뱅크㈜직영 사평로주유소,서울,서초구,서울 서초구 사평대로 350 (서초동),1676,1654,1,1,0,0,0,0,37.50330260000000,127.02152110000000
203,204,GS칼텍스,반포그린주유소,서울,서초구,서울 서초구 서초중앙로 239 (반포동),1676,1654,0,1,0,0,0,0,37.50323250000000,127.01085590000000
204,205,GS칼텍스,에너지플러스허브 삼방주유소,서울,서초구,서울 서초구 사평대로 364 (서초동),1676,1654,0,1,0,0,0,1,37.50371230000000,127.02309580000000
205,206,GS칼텍스,지에스칼텍스(주)선천주유소,서울,서초구,서울 서초구 동작대로 206 (방배동),1679,1649,1,1,0,0,0,0,37.49494250000000,126.98320560000000
206,207,GS칼텍스,대성산업(주)직영 터미널(고속)주유소,서울,서초구,서울 서초구 신반포로 222 (반포동),1685,1635,1,1,0,0,0,1,37.50676880000000,127.00882140000000
207,208,현대오일뱅크,HD현대오일뱅크㈜직영 서초제일주유소,서울,서초구,서울 서초구 사임당로 116 (서초동),1692,1646,1,1,0,0,0,0,37.49055730000000,127.02260520000000
208,209,현대오일뱅크,HD현대오일뱅크㈜직영 방배현대주유소,서울,서초구,서울 서초구 동작대로 182 (방배동),1692,1635,1,1,0,1,0,0,37.49285470000000,126.98318290000000
209,210,GS칼텍스,대성석유(주)연일주유소,서울,서초구,서울 서초구 남부순환로 2451,1696,1615,1,1,0,0,1,0,37.48258680000000,127.01851280000000
210,211,SK에너지,대신석유(주)대우주유소,서울,서초구,서울 서초구 양재대로 173 (양재동),1699,1637,0,1,0,0,1,1,37.46283090000000,127.03755760000000
211,212,현대오일뱅크,HD현대오일뱅크㈜직영 양재현대주유소,서울,서초구,서울 서초구 마방로 6,1699,1629,1,1,0,0,0,0,37.47357210000000,127.03970390000000
212,213,S-OIL,에쓰오일(주)직영 오토테크주유소,서울,서초구,서울특별시 서초구  효령로 356 (서초동),1705,1625,0,1,0,1,0,0,37.48648080000000,127.02285910000000
213,214,S-OIL,헌릉로주유소,서울,서초구,서울 서초구 헌릉로 177 (내곡동),1713,1638,0,1,0,0,0,0,37.45737050000000,127.06026320000000
214,215,GS칼텍스,에너지 플러스 허브 내곡,서울,서초구,서울 서초구 헌릉로 210,1713,1638,0,1,0,0,0,1,37.45531010000000,127.06292770000000
215,216,SK에너지,양재주유소,서울,서초구,서울 서초구 바우뫼로 178,1714,1639,1,1,0,0,0,1,37.47808850000001,127.03959220000000
216,217,GS칼텍스,지에스칼텍스(주)남서울주유소,서울,서초구,서울 서초구 나루터로 83 (잠원동),1749,1734,1,1,0,0,1,1,37.51615670000000,127.01891450000000
217,218,SK에너지,방배동주유소,서울,서초구,서울 서초구 효령로 29 (방배동),1893,1796,1,1,0,0,0,0,37.47810260000000,126.98776810000000
218,219,SK에너지,대신석유㈜서원주유소,서울,서초구,서울 서초구 반포대로 142 (서초동),2048,1948,1,1,0,0,0,0,37.49280160000000,127.00758730000000
219,220,S-OIL,(주)선문에너지 중앙주유소,서울,서초구,서울특별시 서초구  바우뫼로 219 (양재1동),2168,1989,1,1,0,0,0,0,37.48155140000000,127.04223430000000
220,221,S-OIL,(주)서울에너지 직영,서울,성동구,서울 성동구 천호대로 324 (용답동),1599,1529,0,1,0,0,0,1,37.56426070000001,127.05568500000000
221,222,현대오일뱅크,HD현대오일뱅크㈜직영 성동셀프주유소,서울,성동구,서울 성동구 마장로 311 (마장동),1625,1565,0,1,0,0,0,0,37.56701440000000,127.04372720000000
222,223,S-OIL,아이콘주유소,서울,성동구,서울 성동구 고산자로 273 (도선동),1638,1578,0,1,0,0,0,1,37.56338320000000,127.03293880000000
223,224,SK에너지,SK에너지(주) 군자동주유소,서울,성동구,서울 성동구 천호대로 446 (용답동),1649,1569,1,1,0,0,0,1,37.56055500000001,127.06834330000000
224,225,GS칼텍스,지에스칼텍스㈜ 도루코주유소,서울,성동구,서울 성동구 아차산로 180,1654,1574,0,1,0,1,0,1,37.54205250000000,127.06343010000000
225,226,SK에너지,삼우주유소,서울,성동구,서울 성동구 천호대로 392,1697,1697,1,1,0,0,0,0,37.56143030000000,127.06232720000000
226,227,SK에너지,SK세원2주유소,서울,성동구,서울 성동구 광나루로 184 (성수동1가),1795,1745,1,1,0,1,0,0,37.55090950000000,127.05050020000000
227,228,SK에너지,SK에너지(주) 성수주유소,서울,성동구,서울 성동구 뚝섬로 352 (성수동1가),1798,1745,1,1,0,0,0,0,37.53996340000000,127.04993800000000
228,229,SK에너지,SK KH에너지 성수만세주유소,서울,성동구,서울 성동구 왕십리로 109,1798,1745,0,1,0,0,0,0,37.54753460000000,127.04425570000000
229,230,현대오일뱅크,동일주유소,서울,성동구,서울 성동구 광나루로 254 (성수동2가),1985,1934,1,1,0,0,0,0,37.54845400000000,127.05784680000000
230,231,SK에너지,청계로주유소,서울,성동구,서울 성동구 청계천로 454 (하왕십리동),2195,2095,1,1,0,0,0,0,37.57009730000000,127.02740440000000
231,232,현대오일뱅크,장삼 쌍둥이 주유소,서울,성북구,서울 성북구 한천로 612 (장위동),1575,1505,0,1,0,0,0,0,37.61360430000000,127.06029930000000
232,233,GS칼텍스,이케이에너지㈜ 강산주유소,서울,성북구,서울 성북구 보문로 27 (보문동7가),1575,1505,0,1,0,0,0,1,37.57977890000000,127.02236270000000
233,234,현대오일뱅크,이케이에너지(주) 강산제2주유소,서울,성북구,서울 성북구 보국문로 52,1575,1505,0,1,0,0,0,0,37.60918500000000,127.01003140000000
234,235,GS칼텍스,(주)삼표에너지 정릉주유소,서울,성북구,서울 성북구 보국문로 35 (정릉동),1575,1505,0,1,0,1,0,0,37.60764260000000,127.00994870000000
235,236,SK에너지,우리주유소,서울,성북구,서울 성북구 화랑로 292,1584,1515,0,1,0,1,0,1,37.61261180000000,127.06142480000000
236,237,SK에너지,중앙에너비스 종암지점,서울,성북구,서울 성북구 종암로 58,1595,1525,0,1,0,0,0,1,37.59560860000000,127.03604730000000
237,238,GS칼텍스,지에스칼텍스(주) 종암주유소,서울,성북구,서울 성북구 종암로 145 (종암동),1605,1535,0,1,0,0,0,1,37.60276360000000,127.03206340000000
238,239,현대오일뱅크,(주)성북주유소,서울,성북구,서울 성북구 보문로 142,1608,1548,0,1,0,0,0,0,37.58757749999999,127.01844700000000
239,240,S-OIL,장위주유소,서울,성북구,서울 성북구 화랑로 110 (하월곡동),1615,1555,0,1,0,0,0,1,37.60464510000000,127.03939120000000
240,241,현대오일뱅크,HD현대오일뱅크㈜직영 고대셀프주유소,서울,성북구,서울 성북구 종암로 12 (종암동),1615,1545,0,1,0,0,0,0,37.59165210000000,127.03667170000000
241,242,현대오일뱅크,HD현대오일뱅크㈜직영 북악셀프주유소,서울,성북구,서울 성북구 정릉로 218 (정릉동),1617,1545,0,1,0,0,0,0,37.60550010000000,127.00858180000000
242,243,GS칼텍스,㈜명연에너지 효성주유소,서울,성북구,서울 성북구 화랑로 27,1619,1549,0,1,0,1,0,1,37.60312810000000,127.03517260000000
243,244,S-OIL,(주)신용 구도일주유소화랑로,서울,성북구,서울 성북구 화랑로 174,1623,1555,0,1,0,1,0,0,37.60686780000000,127.05006410000000
244,245,S-OIL,동일주유소,서울,성북구,서울특별시 성북구  보문로 85 (보문동5가),1629,1595,0,1,0,0,0,1,37.58270419999999,127.01919180000000
245,246,현대오일뱅크,HD현대오일뱅크㈜직영 아리랑주유소,서울,성북구,서울 성북구 아리랑로 96 (정릉동),1630,1570,1,1,0,0,0,0,37.60048800000000,127.01426640000000
246,247,S-OIL,삼선주유소,서울,성북구,서울 성북구 창경궁로 324,1715,1545,0,1,0,0,0,0,37.58798880000000,127.00557400000000
247,248,S-OIL,위례제일주유소,서울,송파구,서울 송파구 위례서로 260,1593,1534,0,1,0,0,0,0,37.48781530000000,127.14269530000000
248,249,S-OIL,위례드림주유소,서울,송파구,서울시 송파구  위례중앙로 10,1593,1514,0,1,0,0,0,1,37.47542740000000,127.12847070000000
249,250,SK에너지,남성대주유소,서울,송파구,서울 송파구 송파대로 52 (장지동),1593,1514,0,1,0,1,0,1,37.47538410000000,127.12758550000000
250,251,S-OIL,(주)잠실에너지,서울,송파구,서울 송파구 송파대로 442 (송파동),1623,1594,0,1,0,1,0,1,37.50510720000000,127.11354690000000
251,252,GS칼텍스,지에스칼텍스(주)스마트위례주유소,서울,송파구,서울 송파구 위례중앙로 43 (장지동),1633,1554,0,1,0,0,0,0,37.47541610000000,127.13215450000000
252,253,GS칼텍스,지에스칼텍스(주)가든파이브주유소,서울,송파구,서울 송파구 탄천동로 740,1633,1554,0,1,0,0,1,1,37.49729620000000,127.08924730000000
253,254,S-OIL,상아주유소,서울,송파구,서울 송파구 거마로 82,1633,1554,0,1,0,0,0,0,37.50020200000000,127.14787030000000
254,255,SK에너지,한강에너지(주)퍼스트주유소,서울,송파구,서울 송파구 삼학사로 22 (석촌동),1635,1555,0,1,0,1,0,0,37.49931440000000,127.09706620000000
255,256,현대오일뱅크,지에스이앤알 직영 송파제일주유소,서울,송파구,서울 송파구 삼학사로 50 (석촌동),1635,1555,0,1,0,1,0,1,37.50167130000000,127.09733360000000
256,257,GS칼텍스,삼화주유소,서울,송파구,서울 송파구 백제고분로 125,1635,1555,0,0,0,0,0,1,37.50658820000000,127.08100650000000
257,258,GS칼텍스,(주)삼표에너지 아시아주유소,서울,송파구,서울 송파구 도곡로 438 (잠실동),1635,1565,0,1,0,0,0,0,37.50459580000000,127.07736930000000
258,259,SK에너지,(주)신화에너지 서울지점,서울,송파구,서울 송파구 가락로 47 (석촌동),1639,1555,0,1,0,1,0,1,37.49949020000000,127.10174190000000
259,260,SK에너지,방이주유소,서울,송파구,서울 송파구 위례성대로12길 38 (방이동),1643,1584,1,1,0,1,0,0,37.51067440000000,127.12082230000000
260,261,현대오일뱅크,HD현대오일뱅크㈜직영 잠실셀프주유소,서울,송파구,서울 송파구 송파대로 397 (석촌동),1643,1584,0,0,0,0,0,1,37.50272770000000,127.10896700000000
261,262,현대오일뱅크,(유)호림플러스홀딩스 남성주유소,서울,송파구,서울 송파구 백제고분로 474 (방이동),1643,1643,1,1,0,0,0,0,37.51259170000000,127.11397090000000
262,263,SK에너지,백제고분로주유소,서울,송파구,서울 송파구 오금로 143 (방이동),1643,1584,0,1,0,1,1,1,37.51223260000000,127.11687660000000
263,264,GS칼텍스,(주)삼표에너지 훼미리주유소,서울,송파구,서울 송파구 중대로 58 (문정동),1667,1607,1,1,0,0,0,0,37.49123530000000,127.11535330000000
264,265,SK에너지,대성주유소,서울,송파구,서울 송파구 마천로 230 (마천동),1668,1588,1,1,0,0,0,0,37.50005400000000,127.14314730000000
265,266,GS칼텍스,(주)삼표에너지 우리주유소,서울,송파구,서울 송파구 동남로 153,1677,1637,0,1,0,0,0,0,37.49238570000001,127.12735830000000
266,267,SK에너지,(주)유진주유소,서울,송파구,서울 송파구 동남로 325 (오금동),1677,1594,1,1,0,0,0,0,37.50457780000000,127.13843850000000
267,268,현대오일뱅크,(주)정직한주유소,서울,송파구,서울 송파구 오금로 455 (거여동),1677,1617,0,1,0,0,0,0,37.48972790000000,127.14499120000000
268,269,현대오일뱅크,제트라인DM주유소,서울,송파구,서울 송파구 중대로 183 (가락동),1678,1638,1,0,0,1,0,0,37.49850470000000,127.12543100000000
269,270,SK에너지,완불주유소,서울,송파구,서울 송파구 송파대로 3 (장지동),1680,1632,0,1,0,0,0,1,37.47110970000000,127.12617080000000
270,271,GS칼텍스,송파주유소,서울,송파구,서울 송파구 송이로 28 (송파동),1683,1635,0,0,0,1,0,0,37.50884940000000,127.10640090000000
271,272,GS칼텍스,대성석유(주)석촌주유소,서울,송파구,서울 송파구 백제고분로 289,1697,1617,1,0,0,1,0,0,37.50282420000000,127.09857250000000
272,273,현대오일뱅크,HD현대오일뱅크㈜직영 올림픽셀프주유소,서울,송파구,서울 송파구 위례성대로 188 (오금동),1698,1649,0,1,0,1,0,1,37.50982500000000,127.13160700000000
273,274,SK에너지,대신석유(주)진양주유소,서울,송파구,서울 송파구 올림픽로 499 (풍납동),1948,1848,1,1,0,0,0,0,37.53366830000000,127.12061780000000
274,275,S-OIL,현대주유소,서울,양천구,서울 양천구 남부순환로 372 (신월동),1549,1494,0,1,0,0,0,0,37.53387270000000,126.82926250000000
275,276,GS칼텍스,플라트(주)서호주유소,서울,양천구,서울 양천구 남부순환로 317,1549,1494,0,1,0,1,0,0,37.53866090000000,126.82683670000000
276,277,알뜰주유소,양천구주유소,서울,양천구,서울 양천구 국회대로 275 (목동),1549,1534,0,1,0,1,0,1,37.53031490000000,126.86551680000000
277,278,SK에너지,가로공원주유소,서울,양천구,서울 양천구 가로공원로 165 (신월동),1549,1494,1,1,0,0,0,1,37.53701570000000,126.83428520000000
278,279,SK에너지,개나리Self주유소,서울,양천구,서울 양천구 남부순환로 442 (신월동),1559,1504,0,1,0,1,0,0,37.52828250000000,126.83294760000000
279,280,현대오일뱅크,형산석유(주)원주유소,서울,양천구,서울 양천구 남부순환로 408,1559,1504,1,1,0,1,0,0,37.53113889999999,126.83098180000000
280,281,SK에너지,삼미상사(주)신월IC셀프주유소,서울,양천구,서울 양천구 중앙로 331 (신월동),1594,1534,0,0,0,1,0,0,37.52550160000000,126.84979560000000
281,282,GS칼텍스,지에스이앤알 직영 서울주유소,서울,양천구,서울 양천구 신정로 236 (신정동),1595,1515,0,1,0,0,0,0,37.51056100000000,126.84769710000000
282,283,현대오일뱅크,신정동주유소,서울,양천구,서울 양천구 안양천로 663 (신정동),1595,1565,0,1,0,0,1,0,37.50655370000000,126.87115420000000
283,284,현대오일뱅크,현대오일뱅크(주)직영 양천셀프주유소,서울,양천구,서울 양천구 목동로 17,1599,1595,0,1,0,0,0,0,37.51066750000000,126.87103520000000
284,285,SK에너지,SK에너지(주) 신평,서울,양천구,서울 양천구 목동남로 62,1625,1579,1,1,0,1,0,0,37.50938420000000,126.86621700000000
285,286,현대오일뱅크,HD현대오일뱅크㈜직영 남부순환셀프주유소,서울,양천구,서울 양천구 남부순환로 553 (신월동),1629,1599,0,1,0,0,1,1,37.51949210000000,126.83880270000000
286,287,GS칼텍스,(주)삼표에너지 목동주유소,서울,양천구,서울 양천구 목동서로 129 (목동),1639,1589,0,1,0,0,0,0,37.53216510000000,126.87551880000000
287,288,GS칼텍스,지에스칼텍스㈜ 건지주유소,서울,양천구,서울 양천구 안양천로 1171 (목동),1639,1589,0,1,0,0,0,0,37.54532430000000,126.88211120000000
288,289,SK에너지,SK에너지(주) 경인주유소,서울,양천구,서울 양천구 국회대로 170 (신정동),1639,1584,0,1,0,0,0,0,37.52815540000000,126.85382350000000
289,290,현대오일뱅크,현대오일뱅크(주)직영 양천현대셀프주유소,서울,양천구,서울 양천구 안양천로 1179 (목동),1639,1589,0,1,1,1,1,1,37.54597780000000,126.88135410000000
290,291,SK에너지,목동주유소,서울,양천구,서울 양천구 목동중앙로 125 (목동),1639,1589,0,1,0,0,0,0,37.53961590000000,126.87457550000000
291,292,현대오일뱅크,(주)서부트럭터미날,서울,양천구,서울 양천구 신정로 167 (신정동),1669,1599,1,1,0,0,0,1,37.50948720000000,126.83924080000000
292,293,현대오일뱅크,현대오일뱅크(주)직영 신목동셀프주유소,서울,양천구,서울 양천구 목동동로10길 13,1679,1641,0,1,0,1,0,0,37.51957880000000,126.87107390000000
293,294,SK에너지,신양주유소,서울,양천구,서울 양천구 지양로 67,1769,1704,1,1,0,0,0,0,37.52152460000000,126.83384250000000
294,295,GS칼텍스,(주)대청에너지 대청주유소,서울,영등포구,서울 영등포구 가마산로 328 (대림동),1565,1495,0,1,0,1,0,1,37.49854720000000,126.89575900000000
295,296,알뜰주유소,도림주유소,서울,영등포구,서울 영등포구 도림로 343 (도림동),1565,1495,0,0,0,1,0,0,37.50776070000000,126.90023610000000
296,297,현대오일뱅크,(주)강서오일,서울,영등포구,서울 영등포구 도신로 151,1565,1495,0,0,0,0,0,1,37.51002190000000,126.90823800000000
297,298,SK에너지,한경석유(주)경덕주유소,서울,영등포구,서울 영등포구 여의대방로23길 2 (신길동),1565,1495,0,1,0,0,0,0,37.51769680000000,126.91699740000000
298,299,SK에너지,남서울고속주유소,서울,영등포구,서울 영등포구 가마산로 367 (대림동),1565,1495,0,1,0,0,0,1,37.50160280000000,126.89886620000000
299,300,현대오일뱅크,영등포제일셀프주유소,서울,영등포구,서울 영등포구 가마산로 379,1565,1495,0,1,0,1,0,0,37.50234760000000,126.89950310000000
300,301,현대오일뱅크,영등포현대셀프주유소,서울,영등포구,서울 영등포구 경인로 822 (영등포동),1565,1495,0,0,0,0,1,0,37.51533980000000,126.90449050000000
301,302,현대오일뱅크,(주)MS에너지,서울,영등포구,서울 영등포구 대림로 230,1565,1495,1,1,0,0,0,0,37.50133670000000,126.89743580000000
302,303,S-OIL,성락주유소,서울,영등포구,서울 영등포구 가마산로 414 (신길동),1565,1495,0,1,0,0,0,0,37.50382500000000,126.90286900000000
303,304,SK에너지,행촌주유소,서울,영등포구,서울 영등포구 도신로 130 (신길동),1565,1495,0,1,0,0,1,1,37.50861610000000,126.90623650000000
304,305,GS칼텍스,지에스칼텍스㈜ 신길주유소,서울,영등포구,서울 영등포구 신길로 74 (신길동),1579,1519,0,1,0,0,0,1,37.49905170000000,126.90873280000000
305,306,GS칼텍스,㈜지에스이앤알 모드니주유소,서울,영등포구,서울 영등포구 경인로 789,1605,1525,1,1,0,0,0,0,37.51464550000000,126.90075960000000
306,307,SK에너지,SK에너지(주) 양평주유소,서울,영등포구,서울 영등포구 선유로 195 (양평동3가),1609,1564,0,1,0,0,0,1,37.52903560000000,126.89104760000000
307,308,SK에너지,SK에너지(주) 기린주유소,서울,영등포구,서울 영등포구 선유로 270,1619,1574,0,1,0,0,1,1,37.53604370000000,126.89926800000000
308,309,현대오일뱅크,매봉주유소,서울,영등포구,서울 영등포구 도신로 248 (신길동),1625,1555,0,1,0,1,0,0,37.51308849999999,126.91833450000000
309,310,GS칼텍스,(주)한미석유 제2한강주유소,서울,영등포구,서울 영등포구 선유로 260 (양평동4가),1629,1574,0,1,0,0,0,0,37.53753520000000,126.89701040000000
310,311,GS칼텍스,(주)지에스이앤알 보라주유소,서울,영등포구,서울 영등포구 영등포로 399 (신길동),1635,1535,1,1,0,0,0,0,37.51353590000000,126.92273570000000
311,312,SK에너지,SK에너지(주) 신길동주유소,서울,영등포구,서울 영등포구 영등포로 348 (신길동),1635,1545,1,1,0,0,0,0,37.51532150000000,126.91701120000000
312,313,S-OIL,선유도주유소,서울,영등포구,서울 영등포구 양평로 141 (양평동5가),1639,1589,0,1,0,0,0,0,37.53936630000000,126.89264490000000
313,314,현대오일뱅크,국회대로주유소,서울,영등포구,서울 영등포구 국회대로 746 (여의도동),2067,1965,1,1,0,0,0,0,37.52799359999999,126.91604100000000
314,315,SK에너지,버드나룻길주유소,서울,영등포구,서울 영등포구 버드나루로 111 (당산동),2095,1995,1,1,0,0,0,0,37.52801770000000,126.90787080000000
315,316,SK에너지,SK KH에너지 여의도주유소,서울,영등포구,서울 영등포구 국회대로 794 (여의도동),2195,2189,1,1,0,0,0,0,37.53079440000000,126.92039010000000
316,317,GS칼텍스,SJ오일(주) 여의도주유소,서울,영등포구,서울 영등포구 은행로 64,2295,2395,1,1,1,0,1,1,37.53037990000001,126.92557820000000
317,318,현대오일뱅크,HD현대오일뱅크㈜직영 한남동주유소,서울,용산구,서울 용산구 한남대로 204 (한남동),1799,1699,1,1,0,1,0,0,37.54596950000000,127.00287490000000
318,319,GS칼텍스,(주)영원 풍기주유소,서울,용산구,서울 용산구 원효로 178 (원효로2가),2050,1960,1,0,0,0,1,0,37.53561710000000,126.96270020000000
319,320,SK에너지,(주)신태성주유소,서울,용산구,서울 용산구 원효로 147 (원효로3가),2055,1966,1,1,0,0,0,0,37.53372680000000,126.95612840000000
320,321,현대오일뱅크,HD현대오일뱅크㈜직영 갈월동주유소,서울,용산구,서울특별시 용산구  한강대로 322 (남영동),2080,1942,1,1,0,1,0,0,37.54703750000000,126.97223570000000
321,322,SK에너지,동자동주유소,서울,용산구,서울 용산구 한강대로104길 6 (동자동),2080,1942,1,1,0,0,0,0,37.55279360000000,126.97479680000000
322,323,현대오일뱅크,HD현대오일뱅크㈜직영 강변현대주유소,서울,용산구,서울 용산구 원효로 9 (청암동),2084,2011,1,1,0,1,0,0,37.53449570000001,126.94666340000000
323,324,현대오일뱅크,HD현대오일뱅크(주)직영 소월길주유소,서울,용산구,서울 용산구 소월로 66 (후암동),2084,1941,1,1,0,0,0,0,37.55058450000000,126.97699580000000
324,325,SK에너지,(주)남경주유소,서울,용산구,서울 용산구 녹사평대로11길 24,2099,1999,1,1,0,1,0,1,37.52263300000000,126.99312660000000
325,326,SK에너지,한석주유소,서울,용산구,서울 용산구 이촌로 164,2235,2141,1,1,0,0,0,1,37.52139010000000,126.96555700000000
326,327,SK에너지,에너비스,서울,용산구,서울 용산구 한남대로 82 (한남동),2297,2197,1,1,0,0,0,0,37.53604120000000,127.00612760000000
327,328,GS칼텍스,서계주유소,서울,용산구,서울 용산구  청파로 367 (청파동),2623,2729,1,1,0,0,0,0,37.55232860000000,126.96894620000000
328,329,SK에너지,타이거주유소,서울,은평구,서울 은평구 수색로 188 (증산동),1559,1514,0,1,0,0,0,0,37.58514780000000,126.90415210000000
329,330,현대오일뱅크,(주)디오티디 은평유니콘주유소,서울,은평구,서울 은평구 통일로 1151 (진관동),1559,1459,1,1,0,0,0,0,37.64322640000000,126.92000740000000
330,331,현대오일뱅크,(주)명연에너지 수색훼미리주유소,서울,은평구,서울 은평구 수색로 236 (수색동),1565,1525,0,1,0,0,0,0,37.58109370000000,126.89770680000000
331,332,GS칼텍스,지에스칼텍스(주)수색뉴타운주유소,서울,은평구,서울 은평구 수색로 350 (수색동),1589,1544,0,1,0,0,0,0,37.58717080000000,126.88753930000000
332,333,현대오일뱅크,불광주유소,서울,은평구,서울 은평구 연서로 314 (불광동),1608,1548,0,1,0,0,0,0,37.62039730000000,126.92376840000000
333,334,GS칼텍스,성원이앤에스(주)은평지점,서울,은평구,서울 은평구 통일로 968 (진관동),1608,1568,0,1,0,0,0,0,37.62923200000000,126.91970400000000
334,335,GS칼텍스,대성산업㈜ 대성주유소,서울,은평구,서울 은평구 통일로 642,1615,1548,0,1,0,0,0,1,37.60406510000000,126.93525580000000
335,336,SK에너지,박석고개주유소,서울,은평구,서울 은평구 통일로 945 (갈현동),1628,1578,0,1,0,0,0,1,37.62154100000000,126.91357800000000
336,337,SK에너지,은평뉴타운주유소,서울,은평구,서울 은평구 통일로 924 (불광동),1628,1578,0,1,0,1,0,0,37.62529770000000,126.92040310000000
337,338,GS칼텍스,지에스칼텍스㈜ 신사제일주유소,서울,은평구,서울 은평구 증산로 423 (신사동),1634,1584,0,1,0,0,0,1,37.59561300000000,126.90720330000000
338,339,GS칼텍스,지에스칼텍스㈜ 서부주유소,서울,은평구,서울 은평구 응암로 210 (응암동),1634,1589,0,1,0,1,0,0,37.59079180000000,126.91780760000000
339,340,자가상표,코끼리주유소,서울,은평구,서울 은평구 서오릉로 41 (녹번동),1728,1658,1,1,0,0,0,0,37.60327380000000,126.92941930000000
340,341,현대오일뱅크,㈜지에스이앤알 평창주유소,서울,종로구,서울 종로구 평창문화로 135 (평창동),1754,1685,0,1,0,0,0,0,37.60973520000000,126.97451300000000
341,342,SK에너지,자하문주유소,서울,종로구,서울 종로구 자하문로 248 (부암동),1759,1699,0,1,0,0,0,0,37.59274800000000,126.96640180000000
342,343,S-OIL,안풍주유소,서울,종로구,서울 종로구 자하문로 303,1759,1699,1,1,0,0,0,0,37.59920640000000,126.95914450000000
343,344,S-OIL,구도일주유소특종,서울,종로구,서울 종로구 평창문화로 90 (평창동),1799,1740,1,1,0,0,0,0,37.60668980000000,126.97109880000000
344,345,SK에너지,SK북악주유소,서울,종로구,서울 종로구 평창문화로 137,2248,2148,1,1,0,0,0,0,37.60986360000000,126.97489820000000
345,346,SK에너지,약수주유소,서울,중구,서울 중구 다산로 173,1647,1568,0,1,0,1,0,1,37.55902580000000,127.01266140000000
346,347,알뜰주유소,세화주유소,서울,중구,서울 중구 왕십리로 403,1678,1598,1,1,0,1,0,1,37.56473090000000,127.02552750000000
347,348,S-OIL,장충드림주유소,서울,중구,서울 중구 동호로 296,1725,1655,0,1,0,0,0,0,37.56085030000000,127.00341820000000
348,349,SK에너지,장충주유소,서울,중구,서울 중구 장충단로 202 (장충동1가),2028,1999,1,1,0,0,0,1,37.56097630000000,127.00758090000000
349,350,SK에너지,신당동주유소,서울,중구,서울 중구 다산로 242 (신당동),2098,1998,1,1,0,0,0,1,37.56460220000000,127.01641000000000
350,351,GS칼텍스,필동주유소,서울,중구,서울 중구 퇴계로 196 (필동2가),2409,2319,1,0,0,0,0,1,37.55877340000000,126.99472090000000
351,352,SK에너지,서남주유소,서울,중구,서울 중구 통일로 30,2633,2563,1,1,0,0,0,1,37.55837490000000,126.97209390000000
352,353,SK에너지,면목SELF주유소,서울,중랑구,서울 중랑구 동일로 627 (면목동),1567,1497,0,1,0,1,0,0,37.58634980000000,127.07958850000000
353,354,GS칼텍스,대양주유소,서울,중랑구,서울 중랑구 봉우재로 105 (상봉동),1577,1497,0,1,0,0,0,0,37.59259210000000,127.08487880000000
354,355,S-OIL,구도일주유소 동천,서울,중랑구,서울 중랑구 동일로 654 (면목동),1577,1497,0,1,0,0,0,0,37.58907340000000,127.08024470000000
355,356,GS칼텍스,대원주유소,서울,중랑구,서울 중랑구 동일로 600,1577,1507,0,1,0,0,0,0,37.58403330000000,127.08010820000000
356,357,S-OIL,오천만주유소,서울,중랑구,서울 중랑구 동일로 547 (면목동),1577,1497,0,1,0,0,0,0,37.57912240000000,127.07933110000000
357,358,S-OIL,(주)태영 구도일주유소 한인,서울,중랑구,서울 중랑구 망우로 170 (상봉동),1597,1527,0,1,0,1,0,0,37.59246550000000,127.07190800000000
358,359,GS칼텍스,우림주유소,서울,중랑구,서울 중랑구 용마산로 487 (망우제3동),1597,1517,0,1,0,0,0,0,37.59233180000000,127.09910540000000
359,360,SK에너지,신내주유소,서울,중랑구,서울 중랑구 용마산로 705 (신내동),1622,1553,0,1,0,0,0,0,37.61712500000000,127.09589620000000
360,361,S-OIL,범아주유소,서울,중랑구,서울 중랑구 동일로 881 (묵동),1646,1576,1,1,0,1,0,0,37.60931110000000,127.07767250000000
361,362,SK에너지,용마로주유소,서울,중랑구,서울 중랑구 용마산로 309 (면목동),1658,1558,0,1,0,0,0,0,37.57987770000000,127.09218190000000
362,363,SK에너지,신일셀프주유소,서울,중랑구,서울 중랑구 상봉로 58 (망우동),1698,1597,0,1,0,1,0,1,37.59094190000000,127.09380660000000
